{"name":"_Eye_trans","data":{"shader":"phong","ambient":[0,0,0],"diffuse":[0.09092,0.09092,0.09092],"specular":[0.95868,0.95868,0.95868],"shininess":39.2903,"emissive":[0,0,0],"opacity":0.1405}}